"","motif","observed","background","percent.observed","percent.background","fold.enrichment","pvalue","motif.name","p.adjust"
"FOXA1_HUMAN.H11MO.0.A","FOXA1_HUMAN.H11MO.0.A",1529,8178,34.4757609921082,25.0820426314982,1.37451967124931,1.43634914327527e-51,"FOXA1",5.75976006453385e-49
"FOXA2_HUMAN.H11MO.0.A","FOXA2_HUMAN.H11MO.0.A",1419,7574,31.9954904171364,23.229566017482,1.37736066154044,2.60735477309642e-47,"FOXA2",5.22774632005832e-45
"FOXA3_HUMAN.H11MO.0.B","FOXA3_HUMAN.H11MO.0.B",1324,7052,29.8534385569335,21.6285845729183,1.38027703367671,7.87738021078095e-44,"FOXA3",1.05294315484105e-41
"FOXC1_HUMAN.H11MO.0.C","FOXC1_HUMAN.H11MO.0.C",1191,6380,26.8545659526494,19.5675509891121,1.37240301392811,2.79612656608096e-37,"FOXC1",2.80311688249616e-35
"FOXM1_HUMAN.H11MO.0.A","FOXM1_HUMAN.H11MO.0.A",1599,9195,36.054114994363,28.201196135562,1.27846048873432,1.01022049910495e-34,"FOXM1",8.10196840282167e-33
"IRF7_HUMAN.H11MO.0.C","IRF7_HUMAN.H11MO.0.C",1474,8894,33.2356257046223,27.2780248428155,1.2184029414203,2.59148678002905e-21,"IRF7",1.73197699798608e-19
"FOXK1_HUMAN.H11MO.0.A","FOXK1_HUMAN.H11MO.0.A",1437,8707,32.4013528748591,26.7044931758933,1.21332963188788,6.90327456294085e-20,"FOXK1",3.95459014248469e-18
"FOXJ2_HUMAN.H11MO.0.C","FOXJ2_HUMAN.H11MO.0.C",1573,9709,35.467869222097,29.7776414660328,1.19109061281952,8.36942440488196e-19,"FOXJ2",4.19517398294708e-17
"FOXP2_HUMAN.H11MO.0.C","FOXP2_HUMAN.H11MO.0.C",869,4964,19.5941375422773,15.2246587946634,1.28700010992335,1.55570454189269e-17,"FOXP2",6.931528014433e-16
"PO2F2_HUMAN.H11MO.0.A","PO2F2_HUMAN.H11MO.0.A",854,4896,19.2559188275085,15.0161018248735,1.28235137534909,8.57769286418827e-17,"PO2F2",3.43965483853949e-15
"FOXO3_HUMAN.H11MO.0.B","FOXO3_HUMAN.H11MO.0.B",1062,6293,23.945885005637,19.3007207483515,1.24067309805942,9.9734830438887e-17,"FOXO3",3.63578790963579e-15
"HNF1B_HUMAN.H11MO.0.A","HNF1B_HUMAN.H11MO.0.A",933,5493,21.0372040586246,16.8471093390584,1.24871297711898,3.0018067551709e-15,"HNF1B",1.00310375735294e-13
"PRDM1_HUMAN.H11MO.0.A","PRDM1_HUMAN.H11MO.0.A",2045,13284,46.1104847801578,40.7422174513111,1.13176178580025,3.79957715884005e-15,"PRDM1",1.17202341591912e-13
"HXB13_HUMAN.H11MO.0.A","HXB13_HUMAN.H11MO.0.A",814,4717,18.3540022547914,14.4671062720442,1.26867128157192,8.07885282403043e-15,"HXB13",2.31401427316872e-13
"IRF9_HUMAN.H11MO.0.C","IRF9_HUMAN.H11MO.0.C",1219,7491,27.4859075535513,22.9750038337678,1.19633962859904,2.50000114442235e-14,"IRF9",6.68333639275574e-13
"HNF1A_HUMAN.H11MO.0.C","HNF1A_HUMAN.H11MO.0.C",992,5954,22.3675310033822,18.2610029136635,1.22487965798669,5.42517126584303e-14,"HNF1A",1.35968354850191e-12
"HXA9_HUMAN.H11MO.0.B","HXA9_HUMAN.H11MO.0.B",722,4175,16.2795941375423,12.8047845422481,1.27136806432231,2.66822357967939e-13,"HXA9",6.29386856147902e-12
"NANOG_HUMAN.H11MO.0.A","NANOG_HUMAN.H11MO.0.A",1129,6934,25.456595264938,21.2666768900475,1.19701801069124,3.35534893203235e-13,"NANOG",7.47497178747207e-12
"MEIS1_HUMAN.H11MO.0.A","MEIS1_HUMAN.H11MO.0.A",635,3608,14.3179255918828,11.0657874559117,1.29389125255914,3.72727404014104e-13,"MEIS1",7.86650994787662e-12
"PO5F1_HUMAN.H11MO.0.A","PO5F1_HUMAN.H11MO.0.A",999,6051,22.5253664036077,18.5585032970403,1.21374908542328,4.65975623184676e-13,"PO5F1",9.34281124485276e-12
"FOXP1_HUMAN.H11MO.0.A","FOXP1_HUMAN.H11MO.0.A",1333,8390,30.0563697857948,25.7322496549609,1.16804283297478,1.57172007590178e-12,"FOXP1",3.00123690684103e-11
"PIT1_HUMAN.H11MO.0.C","PIT1_HUMAN.H11MO.0.C",883,5312,19.9098083427283,16.2919797577059,1.22206193715108,3.9053645686597e-12,"PIT1",7.11841450923881e-11
"PBX2_HUMAN.H11MO.0.C","PBX2_HUMAN.H11MO.0.C",699,4153,15.76099210823,12.7373102284926,1.23738778639258,1.37508431247341e-10,"PBX2",2.39742960566017e-09
"NFAC2_HUMAN.H11MO.0.B","NFAC2_HUMAN.H11MO.0.B",1301,8303,29.3348365276212,25.4654194142003,1.15194790435155,1.86384434032458e-10,"NFAC2",3.11417325195898e-09
"GCR_HUMAN.H11MO.0.A","GCR_HUMAN.H11MO.0.A",919,5656,20.7215332581736,17.3470326637019,1.19452898140515,2.16392827067257e-10,"GCR",3.4709409461588e-09
"FOXQ1_HUMAN.H11MO.0.C","FOXQ1_HUMAN.H11MO.0.C",1031,6437,23.2468996617813,19.7423708020242,1.17751307048684,3.16143001622504e-10,"FOXQ1",4.87589783271631e-09
"HXC9_HUMAN.H11MO.0.C","HXC9_HUMAN.H11MO.0.C",733,4407,16.5276211950395,13.5163318509431,1.22278894727538,4.1074930571171e-10,"HXC9",6.10038783668132e-09
"ALX1_HUMAN.H11MO.0.B","ALX1_HUMAN.H11MO.0.B",636,3764,14.3404735062007,11.5442416807238,1.24221875310753,5.90580493108901e-10,"ALX1",8.45795634773819e-09
"PO2F1_HUMAN.H11MO.0.C","PO2F1_HUMAN.H11MO.0.C",927,5743,20.901916572717,17.6138629044625,1.18667419441657,7.24278202830132e-10,"PO2F1",1.00150192874098e-08
"IRF8_HUMAN.H11MO.0.B","IRF8_HUMAN.H11MO.0.B",2109,14168,47.5535512965051,43.45345805858,1.09435597121863,1.87061852440201e-09,"IRF8",2.50039342761736e-08
"CDX2_HUMAN.H11MO.0.A","CDX2_HUMAN.H11MO.0.A",740,4508,16.6854565952649,13.8261002913664,1.20680858981503,3.63585391936136e-09,"CDX2",4.70315297310937e-08
"SRY_HUMAN.H11MO.0.B","SRY_HUMAN.H11MO.0.B",1481,9672,33.3934611048478,29.664161938353,1.12571732767118,3.76774130881464e-09,"SRY",4.72145082760835e-08
"NOBOX_HUMAN.H11MO.0.C","NOBOX_HUMAN.H11MO.0.C",455,2614,10.2593010146561,8.01717527986505,1.27966530062304,5.83171626460077e-09,"NOBOX",7.08641885486336e-08
"PRGR_HUMAN.H11MO.0.A","PRGR_HUMAN.H11MO.0.A",951,5992,21.4430665163472,18.377549455605,1.16680771656459,1.3598076685061e-08,"PRGR",1.60377316197337e-07
"LHX3_HUMAN.H11MO.0.C","LHX3_HUMAN.H11MO.0.C",807,5008,18.196166854566,15.3596074221745,1.1846765580933,1.81007975378716e-08,"LHX3",2.07383423219615e-07
"GATA3_HUMAN.H11MO.0.A","GATA3_HUMAN.H11MO.0.A",1196,7717,26.967305524239,23.6681490568931,1.13939224649192,2.18705654999584e-08,"GATA3",2.43613799041203e-07
"PO3F1_HUMAN.H11MO.0.C","PO3F1_HUMAN.H11MO.0.C",683,4174,15.4002254791432,12.8017175279865,1.20298119728669,2.82844545869287e-08,"PO3F1",3.06542332144821e-07
"ZN317_HUMAN.H11MO.0.C","ZN317_HUMAN.H11MO.0.C",753,4652,16.978579481398,14.2677503450391,1.18999695612851,2.95630924163161e-08,"ZN317",3.11968422603757e-07
"HXA13_HUMAN.H11MO.0.C","HXA13_HUMAN.H11MO.0.C",634,3844,14.2953776775648,11.7896028216531,1.21254107486213,3.04142584339142e-08,"HXA13",3.12720964923066e-07
"CDX1_HUMAN.H11MO.0.C","CDX1_HUMAN.H11MO.0.C",698,4299,15.7384441939121,13.1850943106885,1.19365427527914,6.68090203772902e-08,"CDX1",6.69760429282334e-07
"NFAC3_HUMAN.H11MO.0.B","NFAC3_HUMAN.H11MO.0.B",1135,7331,25.5918827508455,22.4842815519092,1.1382121635402,7.67702010608245e-08,"NFAC3",7.5085001525343e-07
"BATF3_HUMAN.H11MO.0.B","BATF3_HUMAN.H11MO.0.B",1003,6426,22.6155580608794,19.7086336451464,1.14749497443973,1.3554587373098e-07,"BATF3",1.29414036586007e-06
"FOXO4_HUMAN.H11MO.0.C","FOXO4_HUMAN.H11MO.0.C",1257,8222,28.3427282976325,25.2169912590094,1.12395360757031,1.83515075912089e-07,"FOXO4",1.71138477769181e-06
"LHX2_HUMAN.H11MO.0.A","LHX2_HUMAN.H11MO.0.A",594,3627,13.3934611048478,11.1240607268824,1.20400826943359,2.42014272920897e-07,"LHX2",2.2056300782109e-06
"ZIM3_HUMAN.H11MO.0.C","ZIM3_HUMAN.H11MO.0.C",1409,9327,31.7700112739572,28.6060420180954,1.11060492933137,3.58673523421175e-07,"ZIM3",3.19290458294774e-06
"SOX5_HUMAN.H11MO.0.C","SOX5_HUMAN.H11MO.0.C",618,3801,13.934611048478,11.6577212084036,1.19531174226684,3.66268356148619e-07,"SOX5",3.19290458294774e-06
"ANDR_HUMAN.H11MO.0.A","ANDR_HUMAN.H11MO.0.A",1624,10879,36.6178128523112,33.3660481521239,1.09745729207611,4.94176856026443e-07,"ANDR",4.21627487801284e-06
"IRF1_HUMAN.H11MO.0.A","IRF1_HUMAN.H11MO.0.A",2417,16668,54.4983089064262,51.1209937126208,1.06606513192586,6.89550517313579e-07,"IRF1",5.76061994672386e-06
"NFAC1_HUMAN.H11MO.0.B","NFAC1_HUMAN.H11MO.0.B",2180,14944,49.1544532130778,45.8334611255942,1.07245780715498,9.99489460680119e-07,"NFAC1",8.05639532471894e-06
"EVI1_HUMAN.H11MO.0.B","EVI1_HUMAN.H11MO.0.B",750,4735,16.9109357384442,14.5223125287533,1.16447953485105,1.00453807041383e-06,"EVI1",8.05639532471894e-06
"IRF2_HUMAN.H11MO.0.A","IRF2_HUMAN.H11MO.0.A",2207,15145,49.7632468996618,46.4499309921791,1.07133091129975,1.07375930933526e-06,"IRF2",8.44269574594978e-06
"SMCA1_HUMAN.H11MO.0.C","SMCA1_HUMAN.H11MO.0.C",1257,8306,28.3427282976325,25.4746204569851,1.11258687231436,1.62865066237101e-06,"SMCA1",1.25594022232841e-05
"PRRX2_HUMAN.H11MO.0.C","PRRX2_HUMAN.H11MO.0.C",470,2865,10.597519729425,8.78699585953075,1.20604583168553,4.28387108484032e-06,"PRRX2",3.24119302834145e-05
"NFAC4_HUMAN.H11MO.0.C","NFAC4_HUMAN.H11MO.0.C",1200,7946,27.0574971815107,24.3704953228033,1.11025634986554,4.85309901389297e-06,"NFAC4",3.60387537883534e-05
"DUX4_HUMAN.H11MO.0.A","DUX4_HUMAN.H11MO.0.A",575,3587,12.9650507328072,11.0013801564177,1.17849311163418,5.80603722763393e-06,"DUX4",4.23312896051129e-05
"GATA4_HUMAN.H11MO.0.A","GATA4_HUMAN.H11MO.0.A",613,3855,13.8218714768884,11.8233399785309,1.1690327354188,7.4423055191243e-06,"GATA4",5.32922234494436e-05
"HXA10_HUMAN.H11MO.0.C","HXA10_HUMAN.H11MO.0.C",571,3570,12.8748590755355,10.9492409139703,1.17586773153455,8.18110974636872e-06,"HXA10",5.75548247069098e-05
"IRF4_HUMAN.H11MO.0.A","IRF4_HUMAN.H11MO.0.A",1910,13075,43.0665163472379,40.1012114706333,1.07394551854814,8.3257012080918e-06,"IRF4",5.75621755938761e-05
"TBP_HUMAN.H11MO.0.A","TBP_HUMAN.H11MO.0.A",625,3947,14.0924464487035,12.1055052905996,1.16413533432981,1.0037405538994e-05,"TBP",6.82203325616369e-05
"SOX2_HUMAN.H11MO.0.A","SOX2_HUMAN.H11MO.0.A",1516,10246,34.1826381059752,31.4246281245208,1.08776587492223,1.25334624028812e-05,"SOX2",8.37653070592557e-05
"HXB7_HUMAN.H11MO.0.C","HXB7_HUMAN.H11MO.0.C",639,4052,14.4081172491545,12.4275417880693,1.15936984923169,1.30489699647238e-05,"HXB7",8.57809337025286e-05
"HXB8_HUMAN.H11MO.0.C","HXB8_HUMAN.H11MO.0.C",561,3521,12.6493799323563,10.7989572151511,1.17135198152365,1.53989889060447e-05,"HXB8",9.85020437259332e-05
"TF7L1_HUMAN.H11MO.0.B","TF7L1_HUMAN.H11MO.0.B",891,5812,20.0901916572717,17.825486888514,1.12704869061484,1.54753834282638e-05,"TF7L1",9.85020437259332e-05
"FOXO1_HUMAN.H11MO.0.A","FOXO1_HUMAN.H11MO.0.A",1298,8704,29.2671927846674,26.6952921331084,1.09634285471517,1.9311124363414e-05,"FOXO1",0.000120996263589516
"GATA6_HUMAN.H11MO.0.A","GATA6_HUMAN.H11MO.0.A",639,4074,14.4081172491545,12.4950161018249,1.15310913821473,2.51188303605183e-05,"GATA6",0.000154963861147198
"FEZF1_HUMAN.H11MO.0.C","FEZF1_HUMAN.H11MO.0.C",1385,9356,31.2288613303269,28.6949854316823,1.08830378759653,3.60258622430022e-05,"FEZF1",0.000218884405446119
"NKX61_HUMAN.H11MO.0.B","NKX61_HUMAN.H11MO.0.B",928,6120,20.9244644870349,18.7701272810919,1.1147747787578,5.02539197550409e-05,"NKX61",0.000300773460026439
"DBP_HUMAN.H11MO.0.B","DBP_HUMAN.H11MO.0.B",516,3256,11.6347237880496,9.98619843582273,1.16508037195749,6.07740886661013e-05,"DBP",0.000358388375810391
"STAT2_HUMAN.H11MO.0.A","STAT2_HUMAN.H11MO.0.A",2385,16662,53.7767756482525,51.1025916270511,1.05232971432678,6.71049399069938e-05,"STAT2",0.000389986679749341
"TWST1_HUMAN.H11MO.0.A","TWST1_HUMAN.H11MO.0.A",849,5581,19.1431792559188,17.1170065940807,1.11837190403016,7.58065782599155e-05,"TWST1",0.000434263398317516
"GATA2_HUMAN.H11MO.0.A","GATA2_HUMAN.H11MO.0.A",658,4247,14.836527621195,13.0256095690845,1.13902750903947,7.98315407381368e-05,"GATA2",0.000450879546985815
"ZN350_HUMAN.H11MO.0.C","ZN350_HUMAN.H11MO.0.C",1299,8790,29.2897406989853,26.9590553596074,1.08645278212789,9.9744808459019e-05,"ZN350",0.000555523169334259
"ZN250_HUMAN.H11MO.0.C","ZN250_HUMAN.H11MO.0.C",575,3682,12.9650507328072,11.2927465112713,1.14808658105155,0.000107310183492424,"ZN250",0.000589471007951534
"ZNF85_HUMAN.H11MO.0.C","ZNF85_HUMAN.H11MO.0.C",921,6115,20.7666290868095,18.7547922097838,1.10727055008246,0.000139120379790302,"ZNF85",0.00075388205805285
"BATF_HUMAN.H11MO.0.A","BATF_HUMAN.H11MO.0.A",736,4824,16.5952649379932,14.7952767980371,1.12165964615106,0.000181711777830856,"BATF",0.000971552305468977
"PDX1_HUMAN.H11MO.0.A","PDX1_HUMAN.H11MO.0.A",459,2903,10.3494926719278,8.90354240147217,1.16240168297695,0.000195577458935122,"PDX1",0.00103192843464452
"DLX3_HUMAN.H11MO.0.C","DLX3_HUMAN.H11MO.0.C",422,2662,9.5152198421646,8.16439196442263,1.16545357984139,0.000288483914594616,"DLX3",0.00150236428249923
"ZN260_HUMAN.H11MO.0.C","ZN260_HUMAN.H11MO.0.C",701,4611,15.8060879368658,14.1420027603128,1.11766969677187,0.000392371530250062,"ZN260",0.00201719209782404
"SOX10_HUMAN.H11MO.0.B","SOX10_HUMAN.H11MO.0.B",880,5874,19.8421645997745,18.0156417727342,1.10138538776923,0.000401672793265694,"SOX10",0.00203887076075371
"GATA1_HUMAN.H11MO.0.A","GATA1_HUMAN.H11MO.0.A",575,3732,12.9650507328072,11.4460972243521,1.13270492803639,0.000409999930151893,"GATA1",0.00205512464988636
"TCF7_HUMAN.H11MO.0.A","TCF7_HUMAN.H11MO.0.A",1013,6826,22.8410372040586,20.935439349793,1.09102258722287,0.000468377786311316,"TCF7",0.00231875916433133
"MAFK_HUMAN.H11MO.0.A","MAFK_HUMAN.H11MO.0.A",740,4906,16.6854565952649,15.0467719674897,1.10890605847659,0.000627306032923659,"MAFK",0.00306767950246814
"TF7L2_HUMAN.H11MO.0.A","TF7L2_HUMAN.H11MO.0.A",796,5304,17.9481397970688,16.2674436436129,1.10331654993105,0.000667317831524634,"TF7L2",0.0032240295233901
"CEBPG_HUMAN.H11MO.0.B","CEBPG_HUMAN.H11MO.0.B",557,3628,12.5591882750846,11.127127741144,1.12869992753344,0.000702184210767514,"CEBPG",0.00335209367283063
"AIRE_HUMAN.H11MO.0.C","AIRE_HUMAN.H11MO.0.C",565,3685,12.739571589628,11.3019475540561,1.12720144282176,0.000723500309988306,"AIRE",0.00341321910947425
"LEF1_HUMAN.H11MO.0.A","LEF1_HUMAN.H11MO.0.A",1496,10325,33.7316798196167,31.6669222511885,1.06520234432794,0.000817821244807697,"LEF1",0.00381332929264984
"ZFP82_HUMAN.H11MO.0.C","ZFP82_HUMAN.H11MO.0.C",2083,14623,46.967305524239,44.8489495476154,1.04723312358464,0.00121275597296029,"ZFP82",0.00558982925467906
"ATF4_HUMAN.H11MO.0.A","ATF4_HUMAN.H11MO.0.A",493,3205,11.1161217587373,9.82978070848029,1.13086162228902,0.00123671128601113,"ATF4",0.00563546847375527
"BRAC_HUMAN.H11MO.0.A","BRAC_HUMAN.H11MO.0.A",835,5617,18.8275084554679,17.2274191074989,1.09288038666642,0.00140305889584021,"BRAC",0.00632164738462835
"SOX9_HUMAN.H11MO.0.B","SOX9_HUMAN.H11MO.0.B",908,6156,20.4735062006764,18.88053979451,1.08437080843576,0.00202911603461437,"SOX9",0.00904083922089293
"FOXH1_HUMAN.H11MO.0.A","FOXH1_HUMAN.H11MO.0.A",605,4012,13.641488162345,12.3048612176047,1.10862592605498,0.00212323736559168,"FOXH1",0.00935624377584906
"NR4A1_HUMAN.H11MO.0.A","NR4A1_HUMAN.H11MO.0.A",985,6716,22.2096956031567,20.5980677810152,1.07824169913777,0.00243181284265798,"NR4A1",0.010599532064194
"SOX17_HUMAN.H11MO.0.C","SOX17_HUMAN.H11MO.0.C",685,4598,15.445321307779,14.1021315749118,1.09524728412383,0.00329732835498928,"SOX17",0.0142175125844162
"TAL1_HUMAN.H11MO.0.A","TAL1_HUMAN.H11MO.0.A",505,3335,11.3866967305524,10.2284925624904,1.11323312413692,0.00367234874594773,"TAL1",0.0156660834800536
"ISL1_HUMAN.H11MO.0.A","ISL1_HUMAN.H11MO.0.A",386,2517,8.70349492671928,7.71967489648827,1.12744319461932,0.00498845626259094,"ISL1",0.021056536434726
"SOX4_HUMAN.H11MO.0.B","SOX4_HUMAN.H11MO.0.B",1374,9563,30.9808342728298,29.3298573838368,1.05628997329877,0.00507484043486665,"SOX4",0.0211980313998076
"RFX3_HUMAN.H11MO.0.B","RFX3_HUMAN.H11MO.0.B",657,4428,14.8139797068771,13.580739150437,1.09080805858791,0.0056462486705087,"RFX3",0.0233417084213813
"OZF_HUMAN.H11MO.0.C","OZF_HUMAN.H11MO.0.C",797,5430,17.9706877113867,16.6538874405766,1.07906864241209,0.00633820932476768,"OZF",0.0259349177472637
"FOXI1_HUMAN.H11MO.0.B","FOXI1_HUMAN.H11MO.0.B",722,4920,16.2795941375423,15.0897101671523,1.07885399767188,0.00958235239356565,"FOXI1",0.0388133667658568
"ZN136_HUMAN.H11MO.0.C","ZN136_HUMAN.H11MO.0.C",699,4757,15.76099210823,14.5897868425088,1.0802756941115,0.00971793526320051,"ZN136",0.038968920405434
"PO3F2_HUMAN.H11MO.0.A","PO3F2_HUMAN.H11MO.0.A",831,5701,18.7373167981962,17.4850483054746,1.07161938994069,0.0100008499021595,"PO3F2",0.039706344661049
"HXA1_HUMAN.H11MO.0.C","HXA1_HUMAN.H11MO.0.C",514,3471,11.5896279594138,10.6456065020702,1.08867709483344,0.0158133894320482,"HXA1",0.0621683251201112
"PRDM6_HUMAN.H11MO.0.C","PRDM6_HUMAN.H11MO.0.C",2346,16758,52.8974069898534,51.3970249961662,1.02919200077824,0.0163755793579473,"PRDM6",0.0637534691508435
"HXB4_HUMAN.H11MO.0.B","HXB4_HUMAN.H11MO.0.B",298,1958,6.71927846674183,6.00521392424475,1.1189074280292,0.0180663007008044,"HXB4",0.0696594863559861
"JUND_HUMAN.H11MO.0.A","JUND_HUMAN.H11MO.0.A",851,5888,19.1882750845547,18.0585799723969,1.0625572505637,0.0191061618457526,"JUND",0.0729673419061598
"ZN418_HUMAN.H11MO.0.C","ZN418_HUMAN.H11MO.0.C",1282,9010,28.9064261555806,27.633798497163,1.04605330166782,0.0219511830301366,"ZN418",0.0830417395762714
"ZN214_HUMAN.H11MO.0.C","ZN214_HUMAN.H11MO.0.C",768,5307,17.3167981961669,16.2766446863978,1.0639046640023,0.0234864519715518,"ZN214",0.0880193200055351
"IRF3_HUMAN.H11MO.0.B","IRF3_HUMAN.H11MO.0.B",2815,20255,63.4723788049605,62.1223738690385,1.02173138036817,0.0238373287586434,"IRF3",0.088507118816815
"FOSL2_HUMAN.H11MO.0.A","FOSL2_HUMAN.H11MO.0.A",852,5914,19.2108229988726,18.1383223431989,1.05912898863416,0.0247601143115063,"FOSL2",0.0910899618248992
"MEF2B_HUMAN.H11MO.0.A","MEF2B_HUMAN.H11MO.0.A",1284,9044,28.9515219842165,27.738076982058,1.04374654389139,0.0275100263302429,"MEF2B",0.100286550531158
"GFI1_HUMAN.H11MO.0.C","GFI1_HUMAN.H11MO.0.C",788,5463,17.7677564825254,16.7550989112099,1.06043877011301,0.0279393105891513,"GFI1",0.100933905822069
"JUN_HUMAN.H11MO.0.A","JUN_HUMAN.H11MO.0.A",841,5845,18.9627959413754,17.9266983591474,1.05779634160572,0.0283405230827416,"JUN",0.101469194251602
"MEF2D_HUMAN.H11MO.0.A","MEF2D_HUMAN.H11MO.0.A",1130,7932,25.4791431792559,24.3275571231406,1.04733669107368,0.0288375035077975,"MEF2D",0.101763608926086
"MEF2C_HUMAN.H11MO.0.A","MEF2C_HUMAN.H11MO.0.A",1243,8751,28.0270574971815,26.8394418034044,1.04424889692104,0.0289303027869672,"MEF2C",0.101763608926086
"FOSL1_HUMAN.H11MO.0.A","FOSL1_HUMAN.H11MO.0.A",851,5927,19.1882750845547,18.1781935285999,1.05556556290181,0.0323111480387898,"FOSL1",0.112667568378737
"OVOL1_HUMAN.H11MO.0.C","OVOL1_HUMAN.H11MO.0.C",399,2698,8.99661781285231,8.27480447784082,1.08723025866586,0.0333182349974301,"OVOL1",0.115177691672151
"BC11A_HUMAN.H11MO.0.A","BC11A_HUMAN.H11MO.0.A",2473,17772,55.76099210823,54.5069774574452,1.02300649768672,0.0368172018415465,"BC11A",0.126185452465471
"NF2L2_HUMAN.H11MO.0.A","NF2L2_HUMAN.H11MO.0.A",749,5206,16.8883878241263,15.9668762459745,1.05771395506269,0.0381365977582037,"NF2L2",0.129599794076608
"FOS_HUMAN.H11MO.0.A","FOS_HUMAN.H11MO.0.A",858,5994,19.3461104847802,18.3836834841282,1.05235223949993,0.0398186461968242,"FOS",0.13417879936913
"FOSB_HUMAN.H11MO.0.A","FOSB_HUMAN.H11MO.0.A",876,6127,19.7519729425028,18.7915963809232,1.05110670440722,0.0414118287509055,"FOSB",0.138384527742609
"MEIS2_HUMAN.H11MO.0.B","MEIS2_HUMAN.H11MO.0.B",748,5206,16.8658399098083,15.9668762459745,1.05630178689839,0.0418890594254497,"MEIS2",0.138822420079383
"ZN394_HUMAN.H11MO.0.C","ZN394_HUMAN.H11MO.0.C",1920,13728,43.2919954904171,42.1039717834688,1.02821642844191,0.0439594446691175,"ZN394",0.144489650100952
"Z354A_HUMAN.H11MO.0.C","Z354A_HUMAN.H11MO.0.C",1582,11265,35.6708004509583,34.5499156571078,1.03244247554682,0.047500516460905,"Z354A",0.154859407323764
"JUNB_HUMAN.H11MO.0.A","JUNB_HUMAN.H11MO.0.A",877,6147,19.7745208568207,18.8529366661555,1.04888279247867,0.0482493933476564,"JUNB",0.156032312358147
"SOX3_HUMAN.H11MO.0.B","SOX3_HUMAN.H11MO.0.B",999,7043,22.5253664036077,21.6009814445637,1.04279365552979,0.0564017148645797,"SOX3",0.180936701285572
"ZN384_HUMAN.H11MO.0.C","ZN384_HUMAN.H11MO.0.C",862,6060,19.4363021420519,18.5861064253949,1.04574361607525,0.061672214609355,"ZN384",0.195907149567835
"CRX_HUMAN.H11MO.0.B","CRX_HUMAN.H11MO.0.B",520,3599,11.7249154453213,11.0381843275571,1.06221413752348,0.0620454064716085,"CRX",0.195907149567835
"HNF6_HUMAN.H11MO.0.B","HNF6_HUMAN.H11MO.0.B",345,2353,7.77903043968433,7.21668455758319,1.07792302373951,0.0645601395097744,"HNF6",0.202254812057965
"RUNX1_HUMAN.H11MO.0.A","RUNX1_HUMAN.H11MO.0.A",952,6718,21.4656144306652,20.6042018095384,1.04180761910068,0.066493883734157,"RUNX1",0.206698041685248
"ERR3_HUMAN.H11MO.0.B","ERR3_HUMAN.H11MO.0.B",562,3909,12.6719278466742,11.9889587486582,1.05696650662781,0.0699415705375966,"ERR3",0.215742844504433
"SIX1_HUMAN.H11MO.0.A","SIX1_HUMAN.H11MO.0.A",636,4451,14.3404735062007,13.6512804784542,1.05048559575303,0.0791729373806572,"SIX1",0.242353800684302
"CEBPB_HUMAN.H11MO.0.A","CEBPB_HUMAN.H11MO.0.A",410,2830,9.24464487034949,8.67965036037418,1.06509415546906,0.0802058840300446,"CEBPB",0.243655753757939
"ZN582_HUMAN.H11MO.0.C","ZN582_HUMAN.H11MO.0.C",700,4930,15.7835400225479,15.1203803097684,1.04385866619711,0.0966069250763059,"ZN582",0.291273510944351
"TGIF1_HUMAN.H11MO.0.A","TGIF1_HUMAN.H11MO.0.A",926,6567,20.8793686583991,20.1410826560343,1.03665572576078,0.0973460120173489,"TGIF1",0.291311573275798
"ZNF41_HUMAN.H11MO.0.C","ZNF41_HUMAN.H11MO.0.C",1224,8737,27.5986471251409,26.7965036037418,1.02993463375898,0.100608833527565,"ZNF41",0.298845498107803
"CEBPE_HUMAN.H11MO.0.A","CEBPE_HUMAN.H11MO.0.A",336,2329,7.576099210823,7.1430762153044,1.06062136010684,0.12080811684293,"CEBPE",0.354825928723038
"MEF2A_HUMAN.H11MO.0.A","MEF2A_HUMAN.H11MO.0.A",1262,9036,28.4554678692221,27.713540867965,1.02677128140326,0.121224818541287,"MEF2A",0.354825928723038
"RFX2_HUMAN.H11MO.0.A","RFX2_HUMAN.H11MO.0.A",783,5555,17.6550169109357,17.0372642232786,1.03625891337725,0.124116639119382,"RFX2",0.360657770194726
"RUNX3_HUMAN.H11MO.0.A","RUNX3_HUMAN.H11MO.0.A",777,5514,17.5197294250282,16.9115166385524,1.03596441404252,0.127156445614843,"RUNX3",0.36683262368023
"ARI5B_HUMAN.H11MO.0.C","ARI5B_HUMAN.H11MO.0.C",398,2779,8.97406989853438,8.52323263303174,1.05289510270498,0.130002370547451,"ARI5B",0.372363932782341
"FOXJ3_HUMAN.H11MO.0.A","FOXJ3_HUMAN.H11MO.0.A",1819,13121,41.0146561443066,40.2422941266677,1.01919279291603,0.133114603707405,"FOXJ3",0.378574156643045
"NFYA_HUMAN.H11MO.0.A","NFYA_HUMAN.H11MO.0.A",729,5174,16.4374295377678,15.8687317896028,1.03583763061252,0.13733994534845,"NFYA",0.387840268202312
"PAX6_HUMAN.H11MO.0.C","PAX6_HUMAN.H11MO.0.C",521,3674,11.7474633596392,11.2682103971783,1.04253141764028,0.14461452500344,"PAX6",0.405527444240415
"ZN274_HUMAN.H11MO.0.A","ZN274_HUMAN.H11MO.0.A",927,6621,20.901916572717,20.3067014261616,1.02931126695883,0.14922057244412,"ZN274",0.4137005056749
"CEBPA_HUMAN.H11MO.0.A","CEBPA_HUMAN.H11MO.0.A",475,3345,10.7102593010147,10.2591627051066,1.04397011811534,0.149592452176709,"CEBPA",0.4137005056749
"ZN502_HUMAN.H11MO.0.C","ZN502_HUMAN.H11MO.0.C",660,4687,14.8816234498309,14.3750958441957,1.0352364680643,0.155931059380728,"ZN502",0.426614583076701
"NFYC_HUMAN.H11MO.0.A","NFYC_HUMAN.H11MO.0.A",734,5224,16.5501691093574,16.0220825026836,1.03295992306776,0.156389884569264,"NFYC",0.426614583076701
"SRF_HUMAN.H11MO.0.A","SRF_HUMAN.H11MO.0.A",588,4180,13.2581736189402,12.8201196135562,1.03416926039605,0.18000182510766,"SRF",0.487707647757916
"TF65_HUMAN.H11MO.0.A","TF65_HUMAN.H11MO.0.A",879,6318,19.8196166854566,19.3773961048919,1.02282146570008,0.217005322158648,"TF65",0.58337717741779
"NF2L1_HUMAN.H11MO.0.C","NF2L1_HUMAN.H11MO.0.C",460,3272,10.3720405862458,10.0352706640086,1.03355862871193,0.2182208893084,"NF2L1",0.58337717741779
"CUX1_HUMAN.H11MO.0.C","CUX1_HUMAN.H11MO.0.C",149,1033,3.35963923337091,3.16822573224965,1.0604166234662,0.229145940467518,"CUX1",0.608526636605794
"GFI1B_HUMAN.H11MO.0.A","GFI1B_HUMAN.H11MO.0.A",825,5946,18.6020293122886,18.2364667995706,1.02004568739854,0.2548890648791,"GFI1B",0.672437598792888
"ZNF8_HUMAN.H11MO.0.C","ZNF8_HUMAN.H11MO.0.C",357,2547,8.04960541149944,7.81168532433676,1.03045694716113,0.271262069281423,"ZNF8",0.710954835175495
"HSF2_HUMAN.H11MO.0.A","HSF2_HUMAN.H11MO.0.A",575,4138,12.9650507328072,12.6913050145683,1.02156954843688,0.285047365649803,"HSF2",0.74223372484137
"NFYB_HUMAN.H11MO.0.A","NFYB_HUMAN.H11MO.0.A",702,5066,15.8286358511838,15.5374942493483,1.01873800222631,0.289075676949405,"NFYB",0.743169453311129
"NKX32_HUMAN.H11MO.0.C","NKX32_HUMAN.H11MO.0.C",500,3594,11.2739571589628,11.022849256249,1.02278067102944,0.290447508224979,"NKX32",0.743169453311129
"BCL6_HUMAN.H11MO.0.A","BCL6_HUMAN.H11MO.0.A",1091,7910,24.5997745208568,24.2600828093851,1.01400208375795,0.290966593939769,"BCL6",0.743169453311129
"ZN490_HUMAN.H11MO.0.C","ZN490_HUMAN.H11MO.0.C",808,5842,18.2187147688839,17.9174973163625,1.01681135747939,0.293223923932345,"ZN490",0.744194895549813
"STA5B_HUMAN.H11MO.0.A","STA5B_HUMAN.H11MO.0.A",1015,7357,22.8861330326945,22.5640239227112,1.01427533985456,0.296458899690904,"STA5B",0.747673074063225
"ZN680_HUMAN.H11MO.0.C","ZN680_HUMAN.H11MO.0.C",1033,7500,23.2919954904171,23.0026069621224,1.0125806839534,0.317246105068135,"ZN680",0.795098050827013
"MAFB_HUMAN.H11MO.0.B","MAFB_HUMAN.H11MO.0.B",774,5610,17.4520856820744,17.2059500076675,1.01430526499828,0.326878566309844,"MAFB",0.812552843442959
"BACH2_HUMAN.H11MO.0.A","BACH2_HUMAN.H11MO.0.A",823,5969,18.5569334836528,18.3070081275878,1.01365189518261,0.328263243485684,"BACH2",0.812552843442959
"OTX2_HUMAN.H11MO.0.A","OTX2_HUMAN.H11MO.0.A",484,3502,10.913190529876,10.7406839441803,1.01606104290864,0.352957702113275,"OTX2",0.868319254892168
"ELF3_HUMAN.H11MO.0.A","ELF3_HUMAN.H11MO.0.A",1657,12139,37.3618940248027,37.2304861217605,1.00352957795427,0.42894992578041,"ELF3",1
"ZN264_HUMAN.H11MO.0.C","ZN264_HUMAN.H11MO.0.C",580,4235,13.0777903043968,12.9888053979451,1.00685089226649,0.432580369410806,"ZN264",1
"SIX2_HUMAN.H11MO.0.A","SIX2_HUMAN.H11MO.0.A",717,5254,16.1668545659526,16.1140929305321,1.00327425413568,0.466355362674522,"SIX2",1
"MAFF_HUMAN.H11MO.0.B","MAFF_HUMAN.H11MO.0.B",877,6433,19.7745208568207,19.7301027449778,1.00225128639304,0.475026351821718,"MAFF",1
"MAFG_HUMAN.H11MO.0.A","MAFG_HUMAN.H11MO.0.A",648,4760,14.6110484780158,14.5989878852937,1.00082612526409,0.497794997576354,"MAFG",1
"MYB_HUMAN.H11MO.0.A","MYB_HUMAN.H11MO.0.A",642,4716,14.4757609921082,14.4640392577825,1.00081040531741,0.498055824396594,"MYB",1
"NR4A2_HUMAN.H11MO.0.C","NR4A2_HUMAN.H11MO.0.C",777,5710,17.5197294250282,17.5126514338292,1.00040416445367,0.501818483233452,"NR4A2",1
"STA5A_HUMAN.H11MO.0.A","STA5A_HUMAN.H11MO.0.A",1075,7906,24.23900789177,24.2478147523386,0.999636797762663,0.512451141622804,"STA5A",1
"NKX28_HUMAN.H11MO.0.C","NKX28_HUMAN.H11MO.0.C",538,3974,12.130777903044,12.1883146756632,0.995279349594234,0.5581421700525,"NKX28",1
"GRHL2_HUMAN.H11MO.0.A","GRHL2_HUMAN.H11MO.0.A",444,3283,10.011273957159,10.0690078208864,0.994266181459543,0.563256477017514,"GRHL2",1
"CEBPD_HUMAN.H11MO.0.C","CEBPD_HUMAN.H11MO.0.C",426,3151,9.6054114994363,9.66416193835301,0.993920793205714,0.565366314414973,"CEBPD",1
"RUNX2_HUMAN.H11MO.0.A","RUNX2_HUMAN.H11MO.0.A",1174,8665,26.4712514092446,26.5756785769054,0.996070573800833,0.573640397218839,"RUNX2",1
"SMCA5_HUMAN.H11MO.0.C","SMCA5_HUMAN.H11MO.0.C",832,6149,18.7598647125141,18.8590706946787,0.994739614492636,0.579005026284003,"SMCA5",1
"NR2E3_HUMAN.H11MO.0.C","NR2E3_HUMAN.H11MO.0.C",1097,8112,24.7350620067644,24.8796196902316,0.994189714904527,0.601072612356423,"NR2E3",1
"ZFP28_HUMAN.H11MO.0.C","ZFP28_HUMAN.H11MO.0.C",2146,15852,48.3878241262683,48.6183100751418,0.995259276833825,0.635500770217182,"ZFP28",1
"STAT4_HUMAN.H11MO.0.A","STAT4_HUMAN.H11MO.0.A",1012,7508,22.8184892897407,23.0271430762153,0.990938789680335,0.645092265046113,"STAT4",1
"STAT6_HUMAN.H11MO.0.B","STAT6_HUMAN.H11MO.0.B",998,7412,22.5028184892897,22.7327097071001,0.989887205670928,0.659151849956464,"STAT6",1
"OLIG2_HUMAN.H11MO.0.B","OLIG2_HUMAN.H11MO.0.B",1480,10973,33.3709131905299,33.6543474927158,0.991578077624375,0.672113922077838,"OLIG2",1
"NR6A1_HUMAN.H11MO.0.B","NR6A1_HUMAN.H11MO.0.B",748,5578,16.8658399098083,17.1078055512958,0.985856418535857,0.684089978343371,"NR6A1",1
"HLF_HUMAN.H11MO.0.C","HLF_HUMAN.H11MO.0.C",224,1695,5.05073280721533,5.19858917343966,0.971558366839268,0.694170479989551,"HLF",1
"NKX31_HUMAN.H11MO.0.C","NKX31_HUMAN.H11MO.0.C",644,4819,14.5208568207441,14.779941726729,0.98247050558282,0.706452456562782,"NKX31",1
"ZN547_HUMAN.H11MO.0.C","ZN547_HUMAN.H11MO.0.C",639,4798,14.4081172491545,14.7155344272351,0.979109343286121,0.739640320503328,"ZN547",1
"RORG_HUMAN.H11MO.0.C","RORG_HUMAN.H11MO.0.C",670,5029,15.1071025930101,15.4240147216685,0.979453330771716,0.741781458791566,"RORG",1
"PKNX1_HUMAN.H11MO.0.B","PKNX1_HUMAN.H11MO.0.B",751,5637,16.9334836527621,17.2887593927312,0.979450478088183,0.755758852310138,"PKNX1",1
"ZN382_HUMAN.H11MO.0.C","ZN382_HUMAN.H11MO.0.C",515,3888,11.6121758737317,11.9245514491642,0.973803997847277,0.762159371955391,"ZN382",1
"HSF1_HUMAN.H11MO.0.A","HSF1_HUMAN.H11MO.0.A",821,6166,18.5118376550169,18.9112099371262,0.978881717064266,0.77335982524177,"HSF1",1
"NDF1_HUMAN.H11MO.0.A","NDF1_HUMAN.H11MO.0.A",918,6886,20.6989853438557,21.11946020549,0.980090643532406,0.775383717983151,"NDF1",1
"ZN586_HUMAN.H11MO.0.C","ZN586_HUMAN.H11MO.0.C",1511,11271,34.0698985343856,34.5683177426775,0.985581618058417,0.778552675065059,"ZN586",1
"NFE2_HUMAN.H11MO.0.A","NFE2_HUMAN.H11MO.0.A",683,5149,15.4002254791432,15.7920564330624,0.975188098169476,0.785415421025609,"NFE2",1
"REL_HUMAN.H11MO.0.B","REL_HUMAN.H11MO.0.B",1033,7745,23.2919954904171,23.7540254562184,0.980549403440995,0.786964053432621,"REL",1
"SPIB_HUMAN.H11MO.0.A","SPIB_HUMAN.H11MO.0.A",1796,13391,40.4960541149944,41.0703879773041,0.986015864699717,0.803073286429518,"SPIB",1
"RXRG_HUMAN.H11MO.0.B","RXRG_HUMAN.H11MO.0.B",647,4899,14.5885005636979,15.0253028676583,0.970928885240597,0.815330695296376,"RXRG",1
"MTF1_HUMAN.H11MO.0.C","MTF1_HUMAN.H11MO.0.C",505,3846,11.3866967305524,11.7957368501764,0.965323054861315,0.824596784501086,"MTF1",1
"HNF4A_HUMAN.H11MO.0.A","HNF4A_HUMAN.H11MO.0.A",910,6868,20.5186020293123,21.0642539487809,0.974095834545322,0.83607196283755,"HNF4A",1
"P53_HUMAN.H11MO.0.A","P53_HUMAN.H11MO.0.A",587,4476,13.2356257046223,13.7279558349946,0.964136675824868,0.852885971497659,"P53",1
"RFX5_HUMAN.H11MO.0.A","RFX5_HUMAN.H11MO.0.A",1040,7858,23.4498308906426,24.100598067781,0.972997882653859,0.866415109387469,"RFX5",1
"SMAD4_HUMAN.H11MO.0.B","SMAD4_HUMAN.H11MO.0.B",979,7407,22.0744081172492,22.7173746357921,0.971697146838003,0.868506853616703,"SMAD4",1
"ZN257_HUMAN.H11MO.0.C","ZN257_HUMAN.H11MO.0.C",932,7061,21.0146561443067,21.6561877012728,0.970376523984023,0.872084915286664,"ZN257",1
"AHR_HUMAN.H11MO.0.B","AHR_HUMAN.H11MO.0.B",145,1163,3.26944757609921,3.56693758625978,0.916597921055157,0.884400258660135,"AHR",1
"PRD14_HUMAN.H11MO.0.A","PRD14_HUMAN.H11MO.0.A",418,3237,9.4250281848929,9.92792516485202,0.949345208428894,0.891537454340996,"PRD14",1
"ZBT14_HUMAN.H11MO.0.C","ZBT14_HUMAN.H11MO.0.C",792,6040,17.8579481397971,18.5247661401626,0.964003972016695,0.894783362599186,"ZBT14",1
"ZN708_HUMAN.H11MO.0.C","ZN708_HUMAN.H11MO.0.C",875,6660,19.7294250281849,20.4263149823647,0.965882737303256,0.896203861824841,"ZN708",1
"STAT1_HUMAN.H11MO.0.A","STAT1_HUMAN.H11MO.0.A",978,7433,22.0518602029312,22.7971170065941,0.967309164424287,0.902124545121663,"STAT1",1
"ERR2_HUMAN.H11MO.0.A","ERR2_HUMAN.H11MO.0.A",684,5245,15.4227733934611,16.0864898021776,0.958740755946233,0.906416447198935,"ERR2",1
"ZNF18_HUMAN.H11MO.0.C","ZNF18_HUMAN.H11MO.0.C",725,5562,16.3472378804961,17.05873332311,0.958291425914372,0.916184187470948,"ZNF18",1
"NDF2_HUMAN.H11MO.0.B","NDF2_HUMAN.H11MO.0.B",1067,8113,24.0586245772266,24.8826867044932,0.966882108148001,0.917197077179771,"NDF2",1
"SMAD2_HUMAN.H11MO.0.A","SMAD2_HUMAN.H11MO.0.A",1194,9058,26.9222096956032,27.7810151817206,0.969086605349018,0.918279749812877,"SMAD2",1
"PEBB_HUMAN.H11MO.0.C","PEBB_HUMAN.H11MO.0.C",800,6128,18.0383314543405,18.7946633951848,0.959758154485593,0.920863593657473,"PEBB",1
"TFEB_HUMAN.H11MO.0.C","TFEB_HUMAN.H11MO.0.C",303,2399,6.83201803833145,7.35776721361754,0.928545011003739,0.930771358617343,"TFEB",1
"NR1I2_HUMAN.H11MO.0.C","NR1I2_HUMAN.H11MO.0.C",814,6250,18.3540022547914,19.168839135102,0.957491589627959,0.934175045941516,"NR1I2",1
"EHF_HUMAN.H11MO.0.B","EHF_HUMAN.H11MO.0.B",1279,9721,28.8387824126268,29.8144456371722,0.967275486640981,0.939217988469387,"EHF",1
"HIF1A_HUMAN.H11MO.0.C","HIF1A_HUMAN.H11MO.0.C",176,1434,3.9684329199549,4.3980984511578,0.902306522699649,0.939835621989444,"HIF1A",1
"ATF2_HUMAN.H11MO.0.B","ATF2_HUMAN.H11MO.0.B",610,4733,13.7542277339346,14.51617850023,0.94751023719615,0.942792952467341,"ATF2",1
"PBX1_HUMAN.H11MO.0.A","PBX1_HUMAN.H11MO.0.A",760,5860,17.1364148816234,17.9727035730716,0.953468954292376,0.943697893930559,"PBX1",1
"RELB_HUMAN.H11MO.0.C","RELB_HUMAN.H11MO.0.C",813,6270,18.3314543404735,19.2301794203343,0.953264862473906,0.951521708784932,"RELB",1
"ZN140_HUMAN.H11MO.0.C","ZN140_HUMAN.H11MO.0.C",759,5870,17.1138669673055,18.0033737156878,0.950592218856894,0.954088092880843,"ZN140",1
"NFKB1_HUMAN.H11MO.1.B","NFKB1_HUMAN.H11MO.1.B",955,7344,21.5332581736189,22.5241527373102,0.956007465619343,0.957645259057374,"NFKB1",1
"NFIA_HUMAN.H11MO.0.C","NFIA_HUMAN.H11MO.0.C",868,6695,19.5715896279594,20.5336604815212,0.953146646481877,0.958381800199696,"NFIA",1
"MAF_HUMAN.H11MO.0.A","MAF_HUMAN.H11MO.0.A",968,7443,21.826381059752,22.8277871492102,0.956132143562022,0.958525613919026,"MAF",1
"NFKB2_HUMAN.H11MO.0.B","NFKB2_HUMAN.H11MO.0.B",975,7504,21.9842164599774,23.0148750191688,0.955217720785667,0.96238220333889,"NFKB2",1
"E2F2_HUMAN.H11MO.0.B","E2F2_HUMAN.H11MO.0.B",304,2447,6.85456595264938,7.50498389817513,0.913335197736547,0.965177475934436,"E2F2",1
"SPI1_HUMAN.H11MO.0.A","SPI1_HUMAN.H11MO.0.A",1906,14427,42.9763246899662,44.2478147523386,0.971264342216918,0.96795595853156,"SPI1",1
"ATOH1_HUMAN.H11MO.0.B","ATOH1_HUMAN.H11MO.0.B",1162,8923,26.2006764374295,27.3669682564024,0.957383229006377,0.971127257119315,"ATOH1",1
"STAT3_HUMAN.H11MO.0.A","STAT3_HUMAN.H11MO.0.A",945,7323,21.3077790304397,22.4597454378163,0.948709730011588,0.977521887513835,"STAT3",1
"ETV4_HUMAN.H11MO.0.B","ETV4_HUMAN.H11MO.0.B",1802,13696,40.6313416009019,42.0058273270971,0.967278689323457,0.977974570975845,"ETV4",1
"HNF4G_HUMAN.H11MO.0.B","HNF4G_HUMAN.H11MO.0.B",955,7413,21.5332581736189,22.7357767213618,0.947108974437941,0.981401134885806,"HNF4G",1
"EPAS1_HUMAN.H11MO.0.B","EPAS1_HUMAN.H11MO.0.B",160,1366,3.60766629086809,4.18954148136789,0.861112440803471,0.984416977970594,"EPAS1",1
"P63_HUMAN.H11MO.0.A","P63_HUMAN.H11MO.0.A",590,4680,13.3032694475761,14.3536267443644,0.926822863970553,0.985545858161969,"P63",1
"ARNT_HUMAN.H11MO.0.B","ARNT_HUMAN.H11MO.0.B",193,1636,4.35174746335964,5.01763533200429,0.867290501484358,0.987980707887887,"ARNT",1
"PBX3_HUMAN.H11MO.0.A","PBX3_HUMAN.H11MO.0.A",796,6262,17.9481397970688,19.2056433062414,0.934524270334441,0.989868031483854,"PBX3",1
"CREB1_HUMAN.H11MO.0.A","CREB1_HUMAN.H11MO.0.A",292,2420,6.58399098083427,7.42217451311149,0.887070355083064,0.990649089332128,"CREB1",1
"CREM_HUMAN.H11MO.0.C","CREM_HUMAN.H11MO.0.C",423,3432,9.53776775648253,10.5259929458672,0.906115727564431,0.990788101807382,"CREM",1
"TFE3_HUMAN.H11MO.0.B","TFE3_HUMAN.H11MO.0.B",433,3529,9.76324689966178,10.823493329244,0.902042122877508,0.99374882827557,"TFE3",1
"ERR1_HUMAN.H11MO.0.A","ERR1_HUMAN.H11MO.0.A",763,6045,17.2040586245772,18.5401012114706,0.92793768644225,0.993807438334166,"ERR1",1
"ZN329_HUMAN.H11MO.0.C","ZN329_HUMAN.H11MO.0.C",853,6733,19.2333709131905,20.6502070234627,0.931388769678564,0.994514014820701,"ZN329",1
"TEAD1_HUMAN.H11MO.0.A","TEAD1_HUMAN.H11MO.0.A",652,5216,14.7012401352875,15.9975463885907,0.918968432919955,0.995010874025632,"TEAD1",1
"HINFP_HUMAN.H11MO.0.C","HINFP_HUMAN.H11MO.0.C",178,1551,4.01352874859076,4.75693911976691,0.843720856529991,0.995195003800142,"HINFP",1
"TEAD4_HUMAN.H11MO.0.A","TEAD4_HUMAN.H11MO.0.A",667,5333,15.0394588500564,16.3563870571998,0.919485384972976,0.995252135618736,"TEAD4",1
"HIC1_HUMAN.H11MO.0.C","HIC1_HUMAN.H11MO.0.C",559,4512,12.6042841037204,13.8383683484128,0.910821549649388,0.995451707628615,"HIC1",1
"E2F5_HUMAN.H11MO.0.B","E2F5_HUMAN.H11MO.0.B",212,1828,4.78015783540023,5.60650207023463,0.85260966205265,0.996047379321307,"E2F5",1
"TYY1_HUMAN.H11MO.0.A","TYY1_HUMAN.H11MO.0.A",688,5513,15.5129650507328,16.9084496242908,0.917468212369206,0.996650909467944,"TYY1",1
"ZBT18_HUMAN.H11MO.0.C","ZBT18_HUMAN.H11MO.0.C",970,7648,21.8714768883878,23.4565250728416,0.932426129636356,0.996688346814975,"ZBT18",1
"NKX21_HUMAN.H11MO.0.A","NKX21_HUMAN.H11MO.0.A",693,5552,15.6257046223224,17.0280631804938,0.917644270912866,0.996706400562893,"NKX21",1
"MITF_HUMAN.H11MO.0.A","MITF_HUMAN.H11MO.0.A",477,3909,10.7553551296505,11.9889587486582,0.897105024308659,0.997260112455248,"MITF",1
"INSM1_HUMAN.H11MO.0.C","INSM1_HUMAN.H11MO.0.C",1005,7926,22.6606538895152,24.3091550375709,0.93218599554333,0.997353288858092,"INSM1",1
"NKX25_HUMAN.H11MO.0.B","NKX25_HUMAN.H11MO.0.B",1362,10614,30.7102593010147,32.5532893727956,0.943384213783289,0.997786442635668,"NKX25",1
"NR1I3_HUMAN.H11MO.0.C","NR1I3_HUMAN.H11MO.0.C",705,5671,15.8962795941375,17.3930378776261,0.913944976488899,0.997983529338252,"NR1I3",1
"MYF6_HUMAN.H11MO.0.C","MYF6_HUMAN.H11MO.0.C",1483,11537,33.4385569334837,35.3841435362674,0.94501529757843,0.998367673186003,"MYF6",1
"BMAL1_HUMAN.H11MO.0.A","BMAL1_HUMAN.H11MO.0.A",451,3739,10.1691093573844,11.4675663241834,0.886771357575608,0.998575493472637,"BMAL1",1
"NR5A2_HUMAN.H11MO.0.B","NR5A2_HUMAN.H11MO.0.B",775,6226,17.4746335963923,19.0952307928232,0.915130787681291,0.998649832438747,"NR5A2",1
"LYL1_HUMAN.H11MO.0.A","LYL1_HUMAN.H11MO.0.A",1580,12282,35.6257046223224,37.6690691611716,0.945754843845321,0.998842951754326,"LYL1",1
"ZFP42_HUMAN.H11MO.0.A","ZFP42_HUMAN.H11MO.0.A",740,5975,16.6854565952649,18.3254102131575,0.910509309269646,0.998985891671887,"ZFP42",1
"CLOCK_HUMAN.H11MO.0.C","CLOCK_HUMAN.H11MO.0.C",662,5394,14.9267192784667,16.5434749271584,0.902272306404168,0.999243176089497,"CLOCK",1
"GLI3_HUMAN.H11MO.0.B","GLI3_HUMAN.H11MO.0.B",610,5000,13.7542277339346,15.3350713080816,0.896913190529876,0.999316744178026,"GLI3",1
"P73_HUMAN.H11MO.0.A","P73_HUMAN.H11MO.0.A",654,5341,14.7463359639233,16.3809231712927,0.900213975105262,0.999360120677921,"P73",1
"PTF1A_HUMAN.H11MO.0.B","PTF1A_HUMAN.H11MO.0.B",1625,12671,36.6403607666291,38.8621377089403,0.942829265879521,0.999501874320258,"PTF1A",1
"ZKSC1_HUMAN.H11MO.0.B","ZKSC1_HUMAN.H11MO.0.B",635,5211,14.3179255918828,15.9822113172826,0.895866367152825,0.999539219244729,"ZKSC1",1
"ZN549_HUMAN.H11MO.0.C","ZN549_HUMAN.H11MO.0.C",668,5470,15.0620067643743,16.7765680110413,0.897800238669879,0.999589716043425,"ZN549",1
"NR2C1_HUMAN.H11MO.0.C","NR2C1_HUMAN.H11MO.0.C",655,5375,14.7688838782413,16.4852016561877,0.89588736530243,0.999629195890184,"NR2C1",1
"USF1_HUMAN.H11MO.0.A","USF1_HUMAN.H11MO.0.A",454,3821,10.2367531003382,11.7190614936359,0.873513045895126,0.999633626198658,"USF1",1
"ZN528_HUMAN.H11MO.0.C","ZN528_HUMAN.H11MO.0.C",1001,8013,22.5704622322435,24.5759852783315,0.918395009462498,0.999639022686041,"ZN528",1
"PPARA_HUMAN.H11MO.0.B","PPARA_HUMAN.H11MO.0.B",1091,8700,24.5997745208568,26.683024076062,0.92192603247418,0.999681782217178,"PPARA",1
"ATF1_HUMAN.H11MO.0.B","ATF1_HUMAN.H11MO.0.B",295,2577,6.65163472378805,7.90369575218525,0.841585371242178,0.999690135348275,"ATF1",1
"VDR_HUMAN.H11MO.0.A","VDR_HUMAN.H11MO.0.A",928,7477,20.9244644870349,22.9320656341052,0.912454412999565,0.999739217120623,"VDR",1
"TFAP4_HUMAN.H11MO.0.A","TFAP4_HUMAN.H11MO.0.A",1043,8356,23.5174746335964,25.6279711700659,0.917648708028256,0.999773899601852,"TFAP4",1
"ZN134_HUMAN.H11MO.0.C","ZN134_HUMAN.H11MO.0.C",713,5851,16.0766629086809,17.9451004447171,0.895880352311643,0.999806487491372,"ZN134",1
"KAISO_HUMAN.H11MO.0.A","KAISO_HUMAN.H11MO.0.A",411,3520,9.26719278466742,10.7958902008894,0.858400058932049,0.999851154222223,"KAISO",1
"COE1_HUMAN.H11MO.0.A","COE1_HUMAN.H11MO.0.A",1182,9433,26.651634723788,28.9311455298267,0.92120910650812,0.999865132181458,"COE1",1
"ETV5_HUMAN.H11MO.0.C","ETV5_HUMAN.H11MO.0.C",2317,17859,52.2435174746336,54.7738076982058,0.953804741172758,0.999871207139695,"ETV5",1
"ELF5_HUMAN.H11MO.0.A","ELF5_HUMAN.H11MO.0.A",1697,13302,38.2638105975197,40.7974237080202,0.937897718036484,0.999900453627857,"ELF5",1
"MZF1_HUMAN.H11MO.0.B","MZF1_HUMAN.H11MO.0.B",1406,11145,31.7023675310034,34.1818739457138,0.927461366844653,0.999921763451499,"MZF1",1
"ATF6A_HUMAN.H11MO.0.B","ATF6A_HUMAN.H11MO.0.B",423,3646,9.53776775648253,11.1823339978531,0.852931754525817,0.999936681991027,"ATF6A",1
"TBX21_HUMAN.H11MO.0.A","TBX21_HUMAN.H11MO.0.A",1321,10520,29.7857948139797,32.2649900322036,0.923161444781187,0.999938022044925,"TBX21",1
"ZN816_HUMAN.H11MO.0.C","ZN816_HUMAN.H11MO.0.C",1433,11360,32.3111612175874,34.8412820119614,0.92738152420725,0.999938357478794,"ZN816",1
"ATF3_HUMAN.H11MO.0.A","ATF3_HUMAN.H11MO.0.A",352,3088,7.93686583990981,9.47094003987119,0.838023026911461,0.999943187822592,"ATF3",1
"RFX1_HUMAN.H11MO.0.B","RFX1_HUMAN.H11MO.0.B",1230,9841,27.7339346110485,30.1824873485662,0.918875051309049,0.999944167356567,"RFX1",1
"BHE40_HUMAN.H11MO.0.A","BHE40_HUMAN.H11MO.0.A",310,2754,6.98985343855693,8.44655727649134,0.827538748598943,0.99994493956478,"BHE40",1
"ZBT7A_HUMAN.H11MO.0.A","ZBT7A_HUMAN.H11MO.0.A",712,5907,16.054114994363,18.1168532433676,0.886142575573398,0.999953059434895,"ZBT7A",1
"RARG_HUMAN.H11MO.0.B","RARG_HUMAN.H11MO.0.B",889,7295,20.0450958286359,22.373869038491,0.89591548936624,0.999975958621835,"RARG",1
"MYOD1_HUMAN.H11MO.0.A","MYOD1_HUMAN.H11MO.0.A",1342,10727,30.2593010146561,32.8998619843582,0.919739451461605,0.999976186796743,"MYOD1",1
"TBX3_HUMAN.H11MO.0.C","TBX3_HUMAN.H11MO.0.C",1449,11540,32.6719278466742,35.3933445790523,0.92310936520001,0.999980598457533,"TBX3",1
"SRBP1_HUMAN.H11MO.0.A","SRBP1_HUMAN.H11MO.0.A",735,6122,16.5727170236753,18.7762613096151,0.882642010057062,0.999980649954669,"SRBP1",1
"NFIC_HUMAN.H11MO.0.A","NFIC_HUMAN.H11MO.0.A",1428,11386,32.1984216459977,34.9210243827634,0.922035427514277,0.999981841416039,"NFIC",1
"ZN335_HUMAN.H11MO.0.A","ZN335_HUMAN.H11MO.0.A",1302,10442,29.3573844419391,32.0257629197976,0.916680252566007,0.999982661963464,"ZN335",1
"MYOG_HUMAN.H11MO.0.B","MYOG_HUMAN.H11MO.0.B",1304,10469,29.402480270575,32.1085723048612,0.91572057428799,0.999986419135361,"MYOG",1
"BHA15_HUMAN.H11MO.0.B","BHA15_HUMAN.H11MO.0.B",1355,10854,30.5524239007892,33.2893727955835,0.917783104187609,0.999986807283005,"BHA15",1
"MYC_HUMAN.H11MO.0.A","MYC_HUMAN.H11MO.0.A",474,4105,10.6877113866967,12.590093543935,0.848898489070029,0.999987216440736,"MYC",1
"ETS2_HUMAN.H11MO.0.B","ETS2_HUMAN.H11MO.0.B",2212,17216,49.8759864712514,52.8017175279865,0.944590229376831,0.999987369880761,"ETS2",1
"RXRB_HUMAN.H11MO.0.C","RXRB_HUMAN.H11MO.0.C",829,6864,18.6922209695603,21.0519858917344,0.887907728310772,0.99998753004227,"RXRB",1
"SNAI2_HUMAN.H11MO.0.A","SNAI2_HUMAN.H11MO.0.A",1059,8628,23.8782412626832,26.4621990492256,0.90235287015506,0.999989417685422,"SNAI2",1
"ZSC31_HUMAN.H11MO.0.C","ZSC31_HUMAN.H11MO.0.C",1366,10962,30.8004509582864,33.6206103358381,0.916118138564976,0.999992179798727,"ZSC31",1
"KLF8_HUMAN.H11MO.0.C","KLF8_HUMAN.H11MO.0.C",903,7456,20.3607666290868,22.8676583346113,0.890373921595192,0.999992967845576,"KLF8",1
"ETV2_HUMAN.H11MO.0.B","ETV2_HUMAN.H11MO.0.B",1719,13606,38.7598647125141,41.7297960435516,0.928829478870735,0.999993017863113,"ETV2",1
"COT2_HUMAN.H11MO.0.A","COT2_HUMAN.H11MO.0.A",1053,8617,23.7429537767756,26.4284618923478,0.898385758258988,0.999995117343025,"COT2",1
"SMAD3_HUMAN.H11MO.0.B","SMAD3_HUMAN.H11MO.0.B",1825,14415,41.1499436302142,44.2110105811992,0.930762339273766,0.999995544115993,"SMAD3",1
"REST_HUMAN.H11MO.0.A","REST_HUMAN.H11MO.0.A",986,8111,22.2322435174746,24.8765526759699,0.893702749213735,0.999995620071208,"REST",1
"MYCN_HUMAN.H11MO.0.A","MYCN_HUMAN.H11MO.0.A",532,4604,11.9954904171364,14.1205336604815,0.849506874567187,0.999996183255182,"MYCN",1
"PPARG_HUMAN.H11MO.0.A","PPARG_HUMAN.H11MO.0.A",1344,10835,30.304396843292,33.2310995246128,0.911928803946041,0.999996554190201,"PPARG",1
"ZN449_HUMAN.H11MO.0.C","ZN449_HUMAN.H11MO.0.C",1014,8337,22.8635851183766,25.5696978990952,0.89416719777458,0.999996712537075,"ZN449",1
"ESR1_HUMAN.H11MO.0.A","ESR1_HUMAN.H11MO.0.A",775,6513,17.4746335963923,19.9754638859071,0.874804895455815,0.99999747028199,"ESR1",1
"TFE2_HUMAN.H11MO.0.A","TFE2_HUMAN.H11MO.0.A",1380,11135,31.1161217587373,34.1512038030977,0.911128109513813,0.999998179619393,"TFE2",1
"ZIC1_HUMAN.H11MO.0.B","ZIC1_HUMAN.H11MO.0.B",879,7336,19.8196166854566,22.4996166232173,0.88088686209012,0.999998520302764,"ZIC1",1
"NR1D1_HUMAN.H11MO.0.B","NR1D1_HUMAN.H11MO.0.B",1346,10916,30.3494926719278,33.4795276798037,0.906508985496709,0.999999211227451,"NR1D1",1
"ZN667_HUMAN.H11MO.0.C","ZN667_HUMAN.H11MO.0.C",986,8189,22.2322435174746,25.115779788376,0.885190255082746,0.999999334277096,"ZN667",1
"ERG_HUMAN.H11MO.0.A","ERG_HUMAN.H11MO.0.A",1924,15250,43.3821871476888,46.7719674896488,0.927525384885505,0.999999498563962,"ERG",1
"FEV_HUMAN.H11MO.0.B","FEV_HUMAN.H11MO.0.B",957,7997,21.5783540022548,24.5269130501457,0.879782708820204,0.999999693016779,"FEV",1
"Z324A_HUMAN.H11MO.0.C","Z324A_HUMAN.H11MO.0.C",1535,12398,34.6110484780158,38.0248428155191,0.910222000020733,0.999999812228911,"Z324A",1
"MAX_HUMAN.H11MO.0.A","MAX_HUMAN.H11MO.0.A",458,4127,10.3269447576099,12.6575678576905,0.81587117475617,0.999999879523514,"MAX",1
"ZN768_HUMAN.H11MO.0.C","ZN768_HUMAN.H11MO.0.C",1549,12533,34.9267192784667,38.4388897408373,0.908629763084982,0.999999908584803,"ZN768",1
"RORA_HUMAN.H11MO.0.C","RORA_HUMAN.H11MO.0.C",1009,8448,22.7508455467869,25.9101364821346,0.878067375772949,0.999999921680985,"RORA",1
"ZBT48_HUMAN.H11MO.0.C","ZBT48_HUMAN.H11MO.0.C",681,5907,15.3551296505073,18.1168532433676,0.847560525232422,0.999999923257744,"ZBT48",1
"ASCL1_HUMAN.H11MO.0.A","ASCL1_HUMAN.H11MO.0.A",1449,11803,32.6719278466742,36.1999693298574,0.90254020794782,0.999999945021995,"ASCL1",1
"ZN436_HUMAN.H11MO.0.C","ZN436_HUMAN.H11MO.0.C",1425,11631,32.130777903044,35.6724428768594,0.900717060896525,0.999999955704782,"ZN436",1
"BACH1_HUMAN.H11MO.0.A","BACH1_HUMAN.H11MO.0.A",893,7580,20.1352874859076,23.2479681030517,0.866109562635905,0.999999960868553,"BACH1",1
"ETS1_HUMAN.H11MO.0.A","ETS1_HUMAN.H11MO.0.A",1457,11880,32.8523111612176,36.4361294280018,0.901641081996212,0.999999963888126,"ETS1",1
"SRBP2_HUMAN.H11MO.0.B","SRBP2_HUMAN.H11MO.0.B",1439,11757,32.4464487034949,36.058886673823,0.899818372014504,0.999999973657682,"SRBP2",1
"ZEB1_HUMAN.H11MO.0.A","ZEB1_HUMAN.H11MO.0.A",1030,8679,23.2243517474634,26.618616776568,0.872485296377512,0.999999988430303,"ZEB1",1
"MBD2_HUMAN.H11MO.0.B","MBD2_HUMAN.H11MO.0.B",881,7536,19.8647125140924,23.1130194755406,0.859459861361444,0.999999990464803,"MBD2",1
"ESR2_HUMAN.H11MO.0.A","ESR2_HUMAN.H11MO.0.A",890,7610,20.0676437429538,23.3399785309002,0.859797009512494,0.999999991585445,"ESR2",1
"STF1_HUMAN.H11MO.0.B","STF1_HUMAN.H11MO.0.B",989,8391,22.2998872604284,25.7353166692225,0.86650914566353,0.999999994717106,"STF1",1
"USF2_HUMAN.H11MO.0.A","USF2_HUMAN.H11MO.0.A",509,4626,11.4768883878241,14.1880079742371,0.808914712246013,0.999999994804821,"USF2",1
"ELF1_HUMAN.H11MO.0.A","ELF1_HUMAN.H11MO.0.A",1037,8784,23.3821871476888,26.9406532740377,0.867914631091068,0.999999997327026,"ELF1",1
"SUH_HUMAN.H11MO.0.A","SUH_HUMAN.H11MO.0.A",1074,9115,24.2164599774521,27.9558349946327,0.866239909560971,0.999999999322449,"SUH",1
"HTF4_HUMAN.H11MO.0.A","HTF4_HUMAN.H11MO.0.A",1269,10617,28.6133032694476,32.5624904155804,0.878719744843495,0.999999999508245,"HTF4",1
"ELF2_HUMAN.H11MO.0.C","ELF2_HUMAN.H11MO.0.C",1021,8719,23.021420518602,26.7412973470327,0.86089392821312,0.999999999529817,"ELF2",1
"E2F3_HUMAN.H11MO.0.A","E2F3_HUMAN.H11MO.0.A",1282,10724,28.9064261555806,32.8906609415734,0.878864252893236,0.999999999611383,"E2F3",1
"MECP2_HUMAN.H11MO.0.C","MECP2_HUMAN.H11MO.0.C",1098,9322,24.7576099210823,28.5907069467873,0.865932065519082,0.999999999656207,"MECP2",1
"THB_HUMAN.H11MO.0.C","THB_HUMAN.H11MO.0.C",916,7919,20.6538895152198,24.2876859377396,0.850385235059658,0.99999999968461,"THB",1
"ZBTB6_HUMAN.H11MO.0.C","ZBTB6_HUMAN.H11MO.0.C",1172,9897,26.4261555806088,30.3542401472167,0.870591899268212,0.999999999727419,"ZBTB6",1
"ZN563_HUMAN.H11MO.0.C","ZN563_HUMAN.H11MO.0.C",1294,10833,29.1770011273957,33.2249654960896,0.878164979007419,0.999999999768647,"ZN563",1
"HEN1_HUMAN.H11MO.0.C","HEN1_HUMAN.H11MO.0.C",1288,10801,29.0417136414882,33.1268210397178,0.876682782409704,0.999999999845288,"HEN1",1
"THA11_HUMAN.H11MO.0.B","THA11_HUMAN.H11MO.0.B",897,7807,20.2254791431793,23.9441803404386,0.844692900555091,0.999999999900602,"THA11",1
"SALL4_HUMAN.H11MO.0.B","SALL4_HUMAN.H11MO.0.B",1967,15921,44.3517474633596,48.8299340591934,0.90829013632488,0.999999999941145,"SALL4",1
"ZN331_HUMAN.H11MO.0.C","ZN331_HUMAN.H11MO.0.C",1138,9722,25.6595264937993,29.8175126514338,0.860552212847487,0.999999999980628,"ZN331",1
"NR2C2_HUMAN.H11MO.0.B","NR2C2_HUMAN.H11MO.0.B",596,5487,13.4385569334837,16.8287072534887,0.798549569557562,0.999999999987555,"NR2C2",1
"ITF2_HUMAN.H11MO.0.C","ITF2_HUMAN.H11MO.0.C",1330,11209,29.988726042841,34.3781628584573,0.872319040616319,0.999999999989554,"ITF2",1
"ZIC3_HUMAN.H11MO.0.B","ZIC3_HUMAN.H11MO.0.B",1193,10180,26.8996617812852,31.2222051832541,0.861555473849514,0.999999999993877,"ZIC3",1
"OSR2_HUMAN.H11MO.0.C","OSR2_HUMAN.H11MO.0.C",1599,13259,36.054114994363,40.6655420947707,0.886601115763788,0.999999999994017,"OSR2",1
"RARA_HUMAN.H11MO.0.A","RARA_HUMAN.H11MO.0.A",1378,11594,31.0710259301015,35.5589633491796,0.873788856693944,0.999999999994484,"RARA",1
"FLI1_HUMAN.H11MO.0.A","FLI1_HUMAN.H11MO.0.A",2472,19693,55.7384441939121,60.3987118540101,0.922841605109685,0.999999999995132,"FLI1",1
"ELK1_HUMAN.H11MO.0.B","ELK1_HUMAN.H11MO.0.B",670,6106,15.1071025930101,18.7271890814292,0.80669354740435,0.99999999999546,"ELK1",1
"ZN554_HUMAN.H11MO.0.C","ZN554_HUMAN.H11MO.0.C",1034,8967,23.3145434047351,27.5019168839135,0.847742486574536,0.999999999995848,"ZN554",1
"NRF1_HUMAN.H11MO.0.A","NRF1_HUMAN.H11MO.0.A",793,7090,17.880496054115,21.7451311148597,0.822275844632467,0.999999999996631,"NRF1",1
"ZN143_HUMAN.H11MO.0.A","ZN143_HUMAN.H11MO.0.A",982,8581,22.1420518602029,26.3180493789296,0.841325720664161,0.99999999999771,"ZN143",1
"NR1H3_HUMAN.H11MO.0.B","NR1H3_HUMAN.H11MO.0.B",803,7197,18.1059751972942,22.0733016408526,0.820265834803083,0.999999999998791,"NR1H3",1
"E2F6_HUMAN.H11MO.0.A","E2F6_HUMAN.H11MO.0.A",1765,14601,39.7970687711387,44.7814752338598,0.888694902597751,0.999999999999748,"E2F6",1
"MXI1_HUMAN.H11MO.0.A","MXI1_HUMAN.H11MO.0.A",671,6206,15.1296505073281,19.0338905075909,0.794879559767051,0.999999999999875,"MXI1",1
"THA_HUMAN.H11MO.0.C","THA_HUMAN.H11MO.0.C",877,7886,19.7745208568207,24.1864744671063,0.817585914958966,0.999999999999977,"THA",1
"ZN322_HUMAN.H11MO.0.B","ZN322_HUMAN.H11MO.0.B",1110,9738,25.0281848928974,29.8665848796197,0.837999556821647,0.999999999999993,"ZN322",1
"COT1_HUMAN.H11MO.0.C","COT1_HUMAN.H11MO.0.C",1666,13971,37.564825253664,42.8492562490416,0.876673915536265,0.999999999999994,"COT1",1
"AP2B_HUMAN.H11MO.0.B","AP2B_HUMAN.H11MO.0.B",1119,9818,25.2311161217587,30.111946020549,0.837910512477026,0.999999999999995,"AP2B",1
"ETV1_HUMAN.H11MO.0.A","ETV1_HUMAN.H11MO.0.A",771,7127,17.3844419391206,21.8586106425395,0.795313216535749,0.999999999999999,"ETV1",1
"E2F1_HUMAN.H11MO.0.A","E2F1_HUMAN.H11MO.0.A",1377,11859,31.0484780157835,36.3717221285079,0.853643330554534,1,"E2F1",1
"ZN467_HUMAN.H11MO.0.C","ZN467_HUMAN.H11MO.0.C",2706,22155,61.0146561443067,67.9497009661095,0.897938552735328,1,"ZN467",1
"VEZF1_HUMAN.H11MO.0.C","VEZF1_HUMAN.H11MO.0.C",2689,22163,60.6313416009019,67.9742370802024,0.891975316021029,1,"VEZF1",1
"MAZ_HUMAN.H11MO.0.A","MAZ_HUMAN.H11MO.0.A",2715,22379,61.217587373168,68.6367121607115,0.891907340051898,1,"MAZ",1
"ZN281_HUMAN.H11MO.0.A","ZN281_HUMAN.H11MO.0.A",2295,19054,51.7474633596392,58.4388897408373,0.885497030986164,1,"ZN281",1
"ZN341_HUMAN.H11MO.0.C","ZN341_HUMAN.H11MO.0.C",2544,21245,57.3618940248027,65.1587179880386,0.880341047154009,1,"ZN341",1
"RXRA_HUMAN.H11MO.0.A","RXRA_HUMAN.H11MO.0.A",1932,16150,43.5625704622322,49.5322803251035,0.879478396235964,1,"RXRA",1
"ZBT17_HUMAN.H11MO.0.A","ZBT17_HUMAN.H11MO.0.A",2576,21582,58.0834272829763,66.1923017942033,0.877495202743695,1,"ZBT17",1
"EGR2_HUMAN.H11MO.0.A","EGR2_HUMAN.H11MO.0.A",2311,19577,52.108229988726,60.0429381996626,0.867849434940191,1,"EGR2",1
"ZN263_HUMAN.H11MO.0.A","ZN263_HUMAN.H11MO.0.A",2381,20170,53.6865839909808,61.8616776568011,0.867848820538389,1,"ZN263",1
"KLF5_HUMAN.H11MO.0.A","KLF5_HUMAN.H11MO.0.A",2028,17313,45.7271702367531,53.0992179113633,0.861164665609273,1,"KLF5",1
"WT1_HUMAN.H11MO.0.C","WT1_HUMAN.H11MO.0.C",2397,20471,54.0473506200676,62.7848489495476,0.86083428604724,1,"WT1",1
"EGR1_HUMAN.H11MO.0.A","EGR1_HUMAN.H11MO.0.A",1962,16774,44.23900789177,51.4460972243521,0.85990989168425,1,"EGR1",1
"ZSC22_HUMAN.H11MO.0.C","ZSC22_HUMAN.H11MO.0.C",2022,17305,45.5918827508455,53.0746817972704,0.85901377468438,1,"ZSC22",1
"KLF15_HUMAN.H11MO.0.A","KLF15_HUMAN.H11MO.0.A",2471,21188,55.7158962795941,64.9838981751265,0.857380025578708,1,"KLF15",1
"TAF1_HUMAN.H11MO.0.A","TAF1_HUMAN.H11MO.0.A",1780,15370,40.1352874859076,47.1400092010428,0.851406017227076,1,"TAF1",1
"KLF4_HUMAN.H11MO.0.A","KLF4_HUMAN.H11MO.0.A",1645,14232,37.0913190529876,43.6497469713234,0.849748775802881,1,"KLF4",1
"PATZ1_HUMAN.H11MO.0.C","PATZ1_HUMAN.H11MO.0.C",2369,20591,53.4160090191657,63.1528906609416,0.845820491510805,1,"PATZ1",1
"KLF6_HUMAN.H11MO.0.A","KLF6_HUMAN.H11MO.0.A",2253,19592,50.8004509582864,60.0889434135869,0.845420938901045,1,"KLF6",1
"IKZF1_HUMAN.H11MO.0.C","IKZF1_HUMAN.H11MO.0.C",1403,12246,31.6347237880496,37.5586566477534,0.842275166674308,1,"IKZF1",1
"ZNF76_HUMAN.H11MO.0.C","ZNF76_HUMAN.H11MO.0.C",1340,11703,30.2142051860203,35.8932679036958,0.841779167811836,1,"ZNF76",1
"KLF1_HUMAN.H11MO.0.A","KLF1_HUMAN.H11MO.0.A",1888,16562,42.5704622322435,50.7958902008894,0.838069026133498,1,"KLF1",1
"ZN770_HUMAN.H11MO.0.C","ZN770_HUMAN.H11MO.0.C",2349,20734,52.9650507328072,63.5914737003527,0.832895475616465,1,"ZN770",1
"E2F7_HUMAN.H11MO.0.B","E2F7_HUMAN.H11MO.0.B",1666,14721,37.564825253664,45.1495169452538,0.832009460903278,1,"E2F7",1
"SNAI1_HUMAN.H11MO.0.C","SNAI1_HUMAN.H11MO.0.C",1193,10566,26.8996617812852,32.406072688238,0.830080893790275,1,"SNAI1",1
"KLF3_HUMAN.H11MO.0.B","KLF3_HUMAN.H11MO.0.B",2013,17854,45.3889515219842,54.7584726268977,0.828893673336113,1,"KLF3",1
"SP4_HUMAN.H11MO.0.A","SP4_HUMAN.H11MO.0.A",2194,19490,49.4701240135287,59.776107958902,0.82759024805598,1,"SP4",1
"TFDP1_HUMAN.H11MO.0.C","TFDP1_HUMAN.H11MO.0.C",1482,13167,33.4160090191657,40.383376782702,0.827469411460392,1,"TFDP1",1
"KLF9_HUMAN.H11MO.0.C","KLF9_HUMAN.H11MO.0.C",1635,14549,36.8658399098083,44.6219904922558,0.826180981688983,1,"KLF9",1
"SP3_HUMAN.H11MO.0.B","SP3_HUMAN.H11MO.0.B",2088,18633,47.0800450958286,57.1476767366968,0.823831304862069,1,"SP3",1
"ZN320_HUMAN.H11MO.0.C","ZN320_HUMAN.H11MO.0.C",1397,12505,31.4994363021421,38.353013341512,0.821302775394915,1,"ZN320",1
"KLF12_HUMAN.H11MO.0.C","KLF12_HUMAN.H11MO.0.C",1661,14942,37.4520856820744,45.827327097071,0.817243510684002,1,"KLF12",1
"NR1H4_HUMAN.H11MO.0.B","NR1H4_HUMAN.H11MO.0.B",1123,10136,25.3213077790304,31.087256555743,0.81452371757625,1,"NR1H4",1
"SP1_HUMAN.H11MO.0.A","SP1_HUMAN.H11MO.0.A",1958,17809,44.1488162344983,54.620456985125,0.808283538281665,1,"SP1",1
"E2F4_HUMAN.H11MO.0.A","E2F4_HUMAN.H11MO.0.A",1450,13256,32.6944757609921,40.6563410519859,0.804166703520781,1,"E2F4",1
"SP2_HUMAN.H11MO.0.A","SP2_HUMAN.H11MO.0.A",1984,18204,44.7350620067644,55.8319276184634,0.8012451641016,1,"SP2",1
"THAP1_HUMAN.H11MO.0.C","THAP1_HUMAN.H11MO.0.C",1474,13526,33.2356257046223,41.4844349026223,0.801158935457054,1,"THAP1",1
"GABPA_HUMAN.H11MO.0.A","GABPA_HUMAN.H11MO.0.A",834,7690,18.8049605411499,23.5853396718295,0.797315654673854,1,"GABPA",1
"AP2A_HUMAN.H11MO.0.A","AP2A_HUMAN.H11MO.0.A",1069,9865,24.1037204058625,30.256095690845,0.796656668862793,1,"AP2A",1
"PAX5_HUMAN.H11MO.0.A","PAX5_HUMAN.H11MO.0.A",1220,11270,27.5084554678692,34.5652507284159,0.795841340310449,1,"PAX5",1
"AP2C_HUMAN.H11MO.0.A","AP2C_HUMAN.H11MO.0.A",1213,11244,27.3506200676437,34.4855083576139,0.793104737909573,1,"AP2C",1
"ZN121_HUMAN.H11MO.0.C","ZN121_HUMAN.H11MO.0.C",1106,10267,24.9379932356257,31.4890354240147,0.791957991085591,1,"ZN121",1
"ZFX_HUMAN.H11MO.0.A","ZFX_HUMAN.H11MO.0.A",997,9590,22.4802705749718,29.4126667689005,0.764305758182436,1,"ZFX",1
"ELK4_HUMAN.H11MO.0.A","ELK4_HUMAN.H11MO.0.A",574,5752,12.9425028184893,17.6414660328171,0.733641002080743,1,"ELK4",1
"CTCFL_HUMAN.H11MO.0.A","CTCFL_HUMAN.H11MO.0.A",1483,16295,33.4385569334837,49.9769973930379,0.669078949871884,1,"CTCFL",1
"CTCF_HUMAN.H11MO.0.A","CTCF_HUMAN.H11MO.0.A",1463,16632,32.9875986471251,51.0105811992026,0.646681489832561,1,"CTCF",1
